[
  {
    "Name": "NORMALNY",
    "Multipliers": [
      {
        "Type": "KAMIENNY",
        "Multiplication": 0.5
      },
      {
        "Type": "DUCH",
        "Multiplication": 0
      },
      {
        "Type": "STALOWY",
        "Multiplication": 0.5
      }
    ],
    "Moves": [
      "sonic boom",
      "quick attack",
      "doubleslap",
      "headbutt"
    ],
    "Icon": "⭕️"
  },
  {
    "Name": "OGNISTY",
    "Multipliers": [
      {
        "Type": "OGNISTY",
        "Multiplication": 0.5
      },
      {
        "Type": "WODNY",
        "Multiplication": 0.5
      },
      {
        "Type": "TRAWIASTY",
        "Multiplication": 2
      },
      {
        "Type": "LODOWY",
        "Multiplication": 2
      },
      {
        "Type": "ROBACZY",
        "Multiplication": 2
      },
      {
        "Type": "KAMIENNY",
        "Multiplication": 0.5
      },
      {
        "Type": "SMOCZY",
        "Multiplication": 0.5
      },
      {
        "Type": "STAL",
        "Multiplication": 2
      }
    ],
    "Moves": [
      "incinerate",
      "ember",
      "fire punch",
      "fiery dance"
    ],
    "Icon": "🔥"
  },
  {
    "Name": "WODNY",
    "Multipliers": [
      {
        "Type": "OGNISTY",
        "Multiplication": 2
      },
      {
        "Type": "WODNY",
        "Multiplication": 0.5
      },
      {
        "Type": "TRAWIASTY",
        "Multiplication": 0.5
      },
      {
        "Type": "ZIEMNY",
        "Multiplication": 2
      },
      {
        "Type": "KAMIENNY",
        "Multiplication": 2
      },
      {
        "Type": "SMOCZY",
        "Multiplication": 0.5
      }
    ],
    "Moves": [
      "bubblebeam",
      "dive",
      "whirlpool",
      "aqua tail"
    ],
    "Icon": "💦"
  },
  {
    "Name": "ELEKTRYCZNY",
    "Multipliers": [
      {
        "Type": "WODNY",
        "Multiplication": 2
      },
      {
        "Type": "ELEKTYCZNY",
        "Multiplication": 0.5
      },
      {
        "Type": "TRAWIASTY",
        "Multiplication": 0.5
      },
      {
        "Type": "ZIEMNY",
        "Multiplication": 0
      },
      {
        "Type": "LATAJĄCY",
        "Multiplication": 2
      },
      {
        "Type": "SMOCZY",
        "Multiplication": 0.5
      }
    ],
    "Moves": [
      "nuzzle",
      "thunderbolt",
      "thundershock",
      "discharge"
    ],
    "Icon": "⚡"
  },
  {
    "Name": "TRAWIASTY",
    "Multipliers": [
      {
        "Type": "OGNISTY",
        "Multiplication": 0.5
      },
      {
        "Type": "WODNY",
        "Multiplication": 2
      },
      {
        "Type": "TRAWIASTY",
        "Multiplication": 0.5
      },
      {
        "Type": "LODOWY",
        "Multiplication": 0.5
      },
      {
        "Type": "ROBACZY",
        "Multiplication": 0.5
      },
      {
        "Type": "KAMIENNY",
        "Multiplication": 2
      },
      {
        "Type": "SMOCZY",
        "Multiplication": 0.5
      },
      {
        "Type": "SMOCZY",
        "Multiplication": 0.5
      },
      {
        "Type": "SMOCZY",
        "Multiplication": 0.5
      },
      {
        "Type": "ZIEMNY",
        "Multiplication": 2
      }
    ],
    "Moves": [
      "absorb",
      "mega drain",
      "vine whip",
      "razor leaf"
    ],
    "Icon": "🌿"
  },
  {
    "Name": "LODOWY",
    "Multipliers": [
      {
        "Type": "OGNISTY",
        "Multiplication": 0.5
      },
      {
        "Type": "WODNY",
        "Multiplication": 0.5
      },
      {
        "Type": "TRAWIASTY",
        "Multiplication": 2
      },
      {
        "Type": "LODOWY",
        "Multiplication": 0.5
      },
      {
        "Type": "ZIEMNY",
        "Multiplication": 2
      },
      {
        "Type": "LATAJĄCY",
        "Multiplication": 2
      },
      {
        "Type": "SMOCZY",
        "Multiplication": 2
      },
      {
        "Type": "SMOCZY",
        "Multiplication": 0.5
      }
    ],
    "Moves": [
      "ice ball",
      "powder snow",
      "avalanche",
      "icy wind"
    ],
    "Icon": "❄"
  },
  {
    "Name": "WALCZĄCY",
    "Multipliers": [
      {
        "Type": "NORMALNYNY",
        "Multiplication": 2
      },
      {
        "Type": "LODOWY",
        "Multiplication": 2
      },
      {
        "Type": "SMOCZY",
        "Multiplication": 0.5
      },
      {
        "Type": "LATAJĄCY",
        "Multiplication": 0.5
      },
      {
        "Type": "PSYCHICZNY",
        "Multiplication": 0.5
      },
      {
        "Type": "ROBACZY",
        "Multiplication": 0.5
      },
      {
        "Type": "KAMIENNY",
        "Multiplication": 2
      },
      {
        "Type": "DUCH",
        "Multiplication": 0
      },
      {
        "Type": "MROCZNY",
        "Multiplication": 2
      },
      {
        "Type": "SMOCZY",
        "Multiplication": 2
      },
      {
        "Type": "WRÓŻKA",
        "Multiplication": 0.5
      }
    ],
    "Moves": [
      "low kick",
      "force palm",
      "mach punch",
      "double kick"
    ],
    "Icon": "✊"
  },
  {
    "Name": "SMOCZY",
    "Multipliers": [
      {
        "Type": "TRAWIASTY",
        "Multiplication": 2
      },
      {
        "Type": "SMOCZY",
        "Multiplication": 0.5
      },
      {
        "Type": "ZIEMNY",
        "Multiplication": 0.5
      },
      {
        "Type": "KAMIENNY",
        "Multiplication": 0.5
      },
      {
        "Type": "DUCH",
        "Multiplication": 0.5
      },
      {
        "Type": "SMOCZY",
        "Multiplication": 0
      },
      {
        "Type": "WRÓŻKA",
        "Multiplication": 2
      }
    ],
    "Moves": [
      "acid",
      "smog",
      "sludge",
      "SMOCZY jab"
    ],
    "Icon": "☠"
  },
  {
    "Name": "ZIEMNY",
    "Multipliers": [
      {
        "Type": "OGNISTY",
        "Multiplication": 2
      },
      {
        "Type": "ELEKTYCZNY",
        "Multiplication": 2
      },
      {
        "Type": "TRAWIASTY",
        "Multiplication": 0.5
      },
      {
        "Type": "SMOCZY",
        "Multiplication": 2
      },
      {
        "Type": "LATAJĄCY",
        "Multiplication": 0
      },
      {
        "Type": "ROBACZY",
        "Multiplication": 0.5
      },
      {
        "Type": "KAMIENNY",
        "Multiplication": 2
      },
      {
        "Type": "SMOCZY",
        "Multiplication": 2
      }
    ],
    "Moves": [
      "mud-slap",
      "earthquake",
      "bulldoze",
      "dig"
    ],
    "Icon": "🗻"
  },
  {
    "Name": "LATAJĄCY",
    "Multipliers": [
      {
        "Type": "ELEKTYCZNY",
        "Multiplication": 0.5
      },
      {
        "Type": "TRAWIASTY",
        "Multiplication": 2
      },
      {
        "Type": "WALCZĄCY",
        "Multiplication": 2
      },
      {
        "Type": "ROBACZY",
        "Multiplication": 2
      },
      {
        "Type": "KAMIENNY",
        "Multiplication": 0.5
      },
      {
        "Type": "SMOCZY",
        "Multiplication": 0.5
      }
    ],
    "Moves": [
      "peck",
      "pluck",
      "gust",
      "aerial ace"
    ],
    "Icon": "☁"
  },
  {
    "Name": "PSYCHICZNY",
    "Multipliers": [
      {
        "Type": "WALCZĄCY",
        "Multiplication": 2
      },
      {
        "Type": "SMOCZY",
        "Multiplication": 2
      },
      {
        "Type": "PSYCHICZNY",
        "Multiplication": 0.5
      },
      {
        "Type": "MROCZNY",
        "Multiplication": 0
      },
      {
        "Type": "SMOCZY",
        "Multiplication": 0.5
      }
    ],
    "Moves": [
      "confusion",
      "psybeam",
      "psywave",
      "heart stamp"
    ],
    "Icon": "🔮"
  },
  {
    "Name": "ROBACZY",
    "Multipliers": [
      {
        "Type": "OGNISTY",
        "Multiplication": 0.5
      },
      {
        "Type": "TRAWIASTY",
        "Multiplication": 2
      },
      {
        "Type": "WALCZĄCY",
        "Multiplication": 0.5
      },
      {
        "Type": "SMOCZY",
        "Multiplication": 0.5
      },
      {
        "Type": "LATAJĄCY",
        "Multiplication": 0.5
      },
      {
        "Type": "PSYCHICZNY",
        "Multiplication": 2
      },
      {
        "Type": "KAMIENNY",
        "Multiplication": 0.5
      },
      {
        "Type": "MROCZNY",
        "Multiplication": 2
      },
      {
        "Type": "SMOCZY",
        "Multiplication": 0.5
      },
      {
        "Type": "WRÓŻKA",
        "Multiplication": 0.5
      }
    ],
    "Moves": [
      "bug bite",
      "infestation",
      "x-scissors",
      "twineedle"
    ],
    "Icon": "🐛"
  },
  {
    "Name": "KAMIENNY",
    "Multipliers": [
      {
        "Type": "OGNISTY",
        "Multiplication": 2
      },
      {
        "Type": "LODOWY",
        "Multiplication": 2
      },
      {
        "Type": "WALCZĄCY",
        "Multiplication": 0.5
      },
      {
        "Type": "ZIEMNY",
        "Multiplication": 0.5
      },
      {
        "Type": "LATAJĄCY",
        "Multiplication": 2
      },
      {
        "Type": "ROBACZY",
        "Multiplication": 2
      },
      {
        "Type": "SMOCZY",
        "Multiplication": 0.5
      }
    ],
    "Moves": [
      "rock throw",
      "rollout",
      "rock tomb",
      "rock  blast"
    ],
    "Icon": "💎"
  },
  {
    "Name": "DUCH",
    "Multipliers": [
      {
        "Type": "NORMALNY",
        "Multiplication": 0
      },
      {
        "Type": "PSYCHICZNY",
        "Multiplication": 2
      },
      {
        "Type": "DUCH",
        "Multiplication": 2
      },
      {
        "Type": "MROCZNY",
        "Multiplication": 0.5
      }
    ],
    "Moves": [
      "astonish",
      "night shade",
      "lick",
      "ominous wind",
      "hex"
    ],
    "Icon": "👻"
  },
  {
    "Name": "SMOCZY",
    "Multipliers": [
      {
        "Type": "SMOCZY",
        "Multiplication": 2
      },
      {
        "Type": "SMOCZY",
        "Multiplication": 0.5
      },
      {
        "Type": "WRÓŻKA",
        "Multiplication": 0
      }
    ],
    "Moves": [
      "dragon tail",
      "dragon rage",
      "dragonbreath",
      "twister"
    ],
    "Icon": "🐉"
  },
  {
    "Name": "MROCZNY",
    "Multipliers": [
      {
        "Type": "WALCZĄCY",
        "Multiplication": 0.5
      },
      {
        "Type": "PSYCHICZNY",
        "Multiplication": 2
      },
      {
        "Type": "DUCH",
        "Multiplication": 2
      },
      {
        "Type": "MROCZNY",
        "Multiplication": 0.5
      },
      {
        "Type": "WRÓŻKA",
        "Multiplication": 0.5
      }
    ],
    "Moves": [
      "pursuit",
      "assurance",
      "bite",
      "faint attack"
    ],
    "Icon": "✴"
  },
  {
    "Name": "SMOCZY",
    "Multipliers": [
      {
        "Type": "OGNISTY",
        "Multiplication": 0.5
      },
      {
        "Type": "WODNY",
        "Multiplication": 0.5
      },
      {
        "Type": "ELEKTYCZNY",
        "Multiplication": 0.5
      },
      {
        "Type": "LODOWY",
        "Multiplication": 2
      },
      {
        "Type": "KAMIENNY",
        "Multiplication": 2
      },
      {
        "Type": "SMOCZY",
        "Multiplication": 0.5
      },
      {
        "Type": "WRÓŻKA",
        "Multiplication": 2
      }
    ],
    "Moves": [
      "bullet punch",
      "metal burst",
      "gear grind",
      "magnet bomb"
    ],
    "Icon": "🔩"
  },
  {
    "Name": "WRÓŻKA",
    "Multipliers": [
      {
        "Type": "WALCZĄCY",
        "Multiplication": 2
      },
      {
        "Type": "OGNISTY",
        "Multiplication": 0.5
      },
      {
        "Type": "MROCZNY",
        "Multiplication": 2
      },
      {
        "Type": "SMOCZY",
        "Multiplication": 0.5
      },
      {
        "Type": "SMOCZY",
        "Multiplication": 0.5
      },
      {
        "Type": "SMOCZY",
        "Multiplication": 2
      }
    ],
    "Moves": [
      "fairy wind",
      "draining kiss",
      "dazzling gleam",
      "play rough"
    ],
    "Icon": "💫"
  }
]
