{
  "140183576002953216": {
    "VoicePlusTextEnabled": false,
    "SendPrivateMessageOnMention": false,
    "LogChannel": null,
    "LogPresenceChannel": null,
    "VoiceChannelLog": {},
    "ListOfSelfAssignableRoles": [],
    "AutoAssignedRole": 0,
    "GenerateCurrencyChannels": [],
    "AutoDeleteMessagesOnCommand": false,
    "ObservingStreams": [],
    "DefaultMusicVolume": 1.0
  },
  "191106303853068288": {
    "VoicePlusTextEnabled": false,
    "SendPrivateMessageOnMention": false,
    "LogChannel": null,
    "LogPresenceChannel": null,
    "VoiceChannelLog": {},
    "ListOfSelfAssignableRoles": [],
    "AutoAssignedRole": 0,
    "GenerateCurrencyChannels": [],
    "AutoDeleteMessagesOnCommand": false,
    "ObservingStreams": [],
    "DefaultMusicVolume": 1.0
  },
  "187922705851482112": {
    "VoicePlusTextEnabled": false,
    "SendPrivateMessageOnMention": false,
    "LogChannel": null,
    "LogPresenceChannel": null,
    "VoiceChannelLog": {},
    "ListOfSelfAssignableRoles": [
      201349533421142016,
      209263555378282497,
      212829645496647681
    ],
    "AutoAssignedRole": 0,
    "GenerateCurrencyChannels": [],
    "AutoDeleteMessagesOnCommand": false,
    "ObservingStreams": [],
    "DefaultMusicVolume": 1.0
  }
}