{
    "Username":"rmwpolska@gmail.com",
    "osuAPIKey": "63436139241fdb0babc198d082c5ade93a0158be",
	"Token":"MjM0Njk1NzY1NDM0NDMzNTM2.Ctvw_w.tQfzZrHbEEs6eWPZB1nkG8dxdN8",
    "GoogleAPIKey":"AIzaSyAc0rqBA0KUR2ODtScO-XvcbEbfp1Zum7w",
	"BotId": 211515055349563392,
    "Password":"eric55564",
    "OwnerIds":[161820881704845312,
                168649104035938305, 
                132931976679260160, 
                130801478578339840,],
	"TrelloAppKey": "wPZS3mnV2tmshl9ZRA6CTifMoKawp1A1p8Xjsntbm92UEsPOfH",
    "SoundCloudClientID": "ae04ff2d4d8a42ce93d44504113f3e06",
}